{
  "payload": {
    "header": {
      "channel_header": {
        "channel_id": "channel1",
        "type": 2
      }
    },
    "data": {
      "config_update": {
        "channel_id": "channel1",
        "isolated_data": {},
        "read_set": {
          "groups": {
            "Application": {
              "groups": {
                "Org1MSP": {
                  "groups": {},
                  "mod_policy": "",
                  "policies": {
                    "Admins": {
                      "mod_policy": "",
                      "policy": null,
                      "version": "0"
                    },
                    "Endorsement": {
                      "mod_policy": "",
                      "policy": null,
                      "version": "0"
                    },
                    "Readers": {
                      "mod_policy": "",
                      "policy": null,
                      "version": "0"
                    },
                    "Writers": {
                      "mod_policy": "",
                      "policy": null,
                      "version": "0"
                    }
                  },
                  "values": {
                    "MSP": {
                      "mod_policy": "",
                      "value": null,
                      "version": "0"
                    }
                  },
                  "version": "0"
                }
              },
              "mod_policy": "",
              "policies": {},
              "values": {},
              "version": "0"
            }
          },
          "mod_policy": "",
          "policies": {},
          "values": {},
          "version": "0"
        },
        "write_set": {
          "groups": {
            "Application": {
              "groups": {
                "Org1MSP": {
                  "groups": {},
                  "mod_policy": "Admins",
                  "policies": {
                    "Admins": {
                      "mod_policy": "",
                      "policy": null,
                      "version": "0"
                    },
                    "Endorsement": {
                      "mod_policy": "",
                      "policy": null,
                      "version": "0"
                    },
                    "Readers": {
                      "mod_policy": "",
                      "policy": null,
                      "version": "0"
                    },
                    "Writers": {
                      "mod_policy": "",
                      "policy": null,
                      "version": "0"
                    }
                  },
                  "values": {
                    "AnchorPeers": {
                      "mod_policy": "Admins",
                      "value": {
                        "anchor_peers": [
                          {
                            "host": "peer1.org1.example.com",
                            "port": 7051
                          }
                        ]
                      },
                      "version": "0"
                    },
                    "MSP": {
                      "mod_policy": "",
                      "value": null,
                      "version": "0"
                    }
                  },
                  "version": "1"
                }
              },
              "mod_policy": "",
              "policies": {},
              "values": {},
              "version": "0"
            }
          },
          "mod_policy": "",
          "policies": {},
          "values": {},
          "version": "0"
        }
      }
    }
  }
}
